,Standard(%),Vote(%),Average(%)
Average,2.152,1.4000000000000001,1.4000000000000001
